{"sections":{"collection_template":{"type":"collection-template","settings":{"select_style_bread":"style_3","ena_bg_img":true,"bg_breadcrumb":"shopify:\/\/shop_images\/ba32.jpg","bg_color_breadcrumb":"#ffffff","color_breadcrumb":"#ffffff","collection_layout":"infinity_scroll","prod_per_page":12,"prod_layout":"prod_grid","prod_per_row":"prod_col_3","filter_layout":"filter_push_left","sidebar_layout":"sidebar_left","ena_sticky_sidebar":true,"ena_banner_mordern":true,"big_title":"","mini_title":"","btn_title":"","bannerfull_url":"https:\/\/www.shopify.com\/free-trial?ref=shopifycenter","color_title":"#ffffff","ena_best_seller":false,"title_heading":"BEST SELLERS","select_collection":"t-shirt","products_limit":10,"ena_filter":true,"ena_filter2":true}}},"order":["collection_template"]}