{"sections":{"1644974669c1d4e1f8":{"type":"section-slideshow-v1","blocks":{"1644974668b4a6c100-1":{"type":"slideshow","settings":{"select_position_content":"left","select_textalign_content":"left","block_title_top1":"Style Destination","color_block_title_top1":"#000000","effect_title1":"bounce","block_title_top":"natural materials","color_block_title_top":"#010101","effect_title":"bounce","block_title_top2":"It is a long fact that a reader will be distracted by the<br> readable content of a page when looking","color_block_title_top2":"#000000","effect_title2":"bounce","block_buton":"SHOP NOW","color_block_button":"#000000","color_border_button":"#000000","bg_button":"","color_hover_button":"#000000","color_hover_text":"#ffffff","block_url":"shopify:\/\/collections\/all","effect_title3":"bounce","ena_slide_video":false,"url_ytb_video":"","block_banerimage":"shopify:\/\/shop_images\/ba34.jpg"}},"1644974668b4a6c100-0":{"type":"slideshow","settings":{"select_position_content":"center","select_textalign_content":"center","block_title_top1":"Style Destination","color_block_title_top1":"#ffffff","effect_title1":"bounce","block_title_top":"Modern Furniture","color_block_title_top":"#ffffff","effect_title":"bounce","block_title_top2":"It is a long fact that a reader will be distracted by the<br> readable content of a page when looking","color_block_title_top2":"#ffffff","effect_title2":"bounce","block_buton":"SHOP NOW","color_block_button":"#ffffff","color_border_button":"#ffffff","bg_button":"","color_hover_button":"#ffffff","color_hover_text":"#000000","block_url":"shopify:\/\/collections\/all","effect_title3":"bounce","ena_slide_video":false,"url_ytb_video":"","block_banerimage":"shopify:\/\/shop_images\/ba33.jpg"}}},"block_order":["1644974668b4a6c100-1","1644974668b4a6c100-0"],"settings":{"margin_top":"","margin_bottom":""}},"16449756827b8544b1":{"type":"section-banner-v11","settings":{"backgroud_image":"shopify:\/\/shop_images\/collection.png","img_banner1":"shopify:\/\/shop_images\/ba31.png","url_banner1":"shopify:\/\/collections\/all","img_banner2":"shopify:\/\/shop_images\/ba29.png","url_banner2":"shopify:\/\/collections\/all","img_banner3":"shopify:\/\/shop_images\/ba30.png","url_banner3":"shopify:\/\/collections\/all","title_banner":"Dining Chair","title_banner2":"Accessories","title_banner3":"Wardrobe","btn_banner1":"SHOP NOW","btn_banner2":"SHOP NOW","btn_banner3":"SHOP NOW","color_title":"#000000","color_btn_banner":"#000000","hover_color_btn_banner":"#cd8f5c"}},"164514817801c5561b":{"type":"section-product-v3","settings":{"title_heading":"Best Seller","color_title":"#222","sub_title":"Best Seller Product This Week!","color_sub_title":"#666666","select_collection":"frontpage","products_limit":8,"margin_top":"","margin_bottom":""}},"16448994558b651022":{"type":"section-collection-v3","blocks":{"1644899455293c7eed-0":{"type":"colection","settings":{"brand_img":"shopify:\/\/shop_images\/ba18.jpg","title_collection":"Shelf","brand_url":"shopify:\/\/collections\/all","block_content":""}},"1644899455293c7eed-1":{"type":"colection","settings":{"brand_img":"shopify:\/\/shop_images\/ba17.jpg","title_collection":"Table","brand_url":"shopify:\/\/collections\/all","block_content":""}},"1644899455293c7eed-2":{"type":"colection","settings":{"brand_img":"shopify:\/\/shop_images\/ba16.jpg","title_collection":"Sofa","brand_url":"shopify:\/\/collections\/all","block_content":""}},"6c6816af-66fb-4b3e-8411-f35627275d5c":{"type":"colection","settings":{"brand_img":"shopify:\/\/shop_images\/ba19.jpg","title_collection":"Chair","brand_url":"shopify:\/\/collections\/all","block_content":""}}},"block_order":["1644899455293c7eed-0","1644899455293c7eed-1","1644899455293c7eed-2","6c6816af-66fb-4b3e-8411-f35627275d5c"],"settings":{"margin_top":"","margin_bottom":"","bg_section":"#f5f5f5"}},"16450657663297b866":{"type":"section-product-v1","settings":{"title_heading":"Hot Deal","color_title":"#222222","sub-title1":"Don't Miss Today's Featured Deals","select_collection":"new","products_limit":4,"margin_top":"","margin_bottom":""}},"1645148215aa6f28ed":{"type":"section-video-v1","settings":{"ena_container":false,"img_bg":"shopify:\/\/shop_images\/ba32.jpg","url_video1":"","title_banner":"WELCOME TO trisate","color_title":"#ffffff"}}},"order":["1644974669c1d4e1f8","16449756827b8544b1","164514817801c5561b","16448994558b651022","16450657663297b866","1645148215aa6f28ed"]}