{"sections":{"1644831132ab1a6480":{"type":"section-slideshow-v1","blocks":{"1644831132c54a9785-1":{"type":"slideshow","settings":{"select_position_content":"center","select_textalign_content":"center","block_title_top1":"Style Destination","color_block_title_top1":"#ffffff","effect_title1":"bounce","block_title_top":"Decor inspiration","color_block_title_top":"#ffffff","effect_title":"bounce","block_title_top2":"It is a long fact that a reader will be distracted by the<br> readable content of a page when looking","color_block_title_top2":"#ffffff","effect_title2":"bounce","block_buton":"SHOP NOW","color_block_button":"#ffffff","color_border_button":"#ffffff","bg_button":"","color_hover_button":"#ffffff","color_hover_text":"#000000","block_url":"shopify:\/\/collections\/all","effect_title3":"bounce","ena_slide_video":false,"url_ytb_video":"","block_banerimage":"shopify:\/\/shop_images\/ba15.jpg"}},"1644831132c54a9785-0":{"type":"slideshow","settings":{"select_position_content":"center","select_textalign_content":"center","block_title_top1":"Style Destination","color_block_title_top1":"#ffffff","effect_title1":"bounce","block_title_top":"Trendy collection","color_block_title_top":"#ffffff","effect_title":"bounce","block_title_top2":"It is a long fact that a reader will be distracted by the<br> readable content of a page when looking","color_block_title_top2":"#ffffff","effect_title2":"bounce","block_buton":"SHOP NOW","color_block_button":"#ffffff","color_border_button":"#ffffff","bg_button":"","color_hover_button":"#ffffff","color_hover_text":"#000000","block_url":"shopify:\/\/collections\/all","effect_title3":"bounce","ena_slide_video":false,"url_ytb_video":"","block_banerimage":"shopify:\/\/shop_images\/ba14.jpg"}}},"block_order":["1644831132c54a9785-1","1644831132c54a9785-0"],"settings":{"margin_top":"","margin_bottom":""}},"164483391646988a0a":{"type":"section-collection-v1","blocks":{"1644833916330ed57a-0":{"type":"colection","settings":{"brand_img":"shopify:\/\/shop_images\/cat1.png","title_collection":"Living Room","brand_url":"shopify:\/\/collections\/all"}},"1644833916330ed57a-1":{"type":"colection","settings":{"brand_img":"shopify:\/\/shop_images\/cat2_1.png","title_collection":"Kitchen & Dinning","brand_url":"shopify:\/\/collections\/all"}},"1644833916330ed57a-2":{"type":"colection","settings":{"brand_img":"shopify:\/\/shop_images\/cat3.png","title_collection":"Bedroom","brand_url":"shopify:\/\/collections\/all"}},"1644833916330ed57a-3":{"type":"colection","settings":{"brand_img":"shopify:\/\/shop_images\/cat4.png","title_collection":"Wood Cabinets","brand_url":"shopify:\/\/collections\/all"}},"1644833916330ed57a-4":{"type":"colection","settings":{"brand_img":"shopify:\/\/shop_images\/cat2_1.png","title_collection":"Tables","brand_url":"shopify:\/\/collections\/all"}}},"block_order":["1644833916330ed57a-0","1644833916330ed57a-1","1644833916330ed57a-2","1644833916330ed57a-3","1644833916330ed57a-4"],"settings":{"color_title":"#000000","margin_top":"","margin_bottom":""}},"16448316215dd22fbb":{"type":"section-banner-v1","settings":{"ena_container":true,"img_banner1":"shopify:\/\/shop_images\/ba7.jpg","url_banner1":"shopify:\/\/collections\/all","title_1":"sofa","url_button1":"shopify:\/\/collections\/all","img_banner2":"shopify:\/\/shop_images\/ba8.jpg","url_banner2":"shopify:\/\/collections\/all","title_2":"Chair","url_button2":"shopify:\/\/collections\/all","img_banner3":"shopify:\/\/shop_images\/ba9.jpg","url_banner3":"shopify:\/\/collections\/all","title_3":"Shelf","url_button3":"shopify:\/\/collections\/all","color_title":"#222222","color_hover_title":"#cd8f5c","border_banner":"","margin_top":"","margin_bottom":""}},"16450657663297b866":{"type":"section-product-v1","settings":{"title_heading":"Hot Deal","color_title":"#222222","sub-title1":"Don't Miss Today's Featured Deals","select_collection":"new","products_limit":4,"margin_top":"","margin_bottom":""}},"164483240966648896":{"type":"section-banner-v8","blocks":{"4035662f-701b-44da-8c5e-8293b608d1a1":{"type":"banner","settings":{"img_banner1":"shopify:\/\/shop_images\/ba12.jpg","url_video1":"https:\/\/vimeo.com\/468982860"}},"ba2847f6-998f-426b-b20f-32dc4af885de":{"type":"banner","settings":{"img_banner1":"shopify:\/\/shop_images\/ba11.jpg","url_video1":"https:\/\/vimeo.com\/117352239"}},"8be872ec-6418-46f5-a63c-501fd4def143":{"type":"banner","settings":{"img_banner1":"shopify:\/\/shop_images\/ba10.jpg","url_video1":"https:\/\/vimeo.com\/468982860"}}},"block_order":["4035662f-701b-44da-8c5e-8293b608d1a1","ba2847f6-998f-426b-b20f-32dc4af885de","8be872ec-6418-46f5-a63c-501fd4def143"],"settings":{"enable-img_title":true}},"1645062837db919833":{"type":"section-product-v2","blocks":{"164506283760dcfde7-0":{"type":"tab","settings":{"tab_title":"NEW ARRIVALS","tab_collection":"frontpage","tab_limit":8}},"164506283760dcfde7-1":{"type":"tab","settings":{"tab_title":"BEST SELLERS","tab_collection":"new","tab_limit":8}},"164506283760dcfde7-2":{"type":"tab","settings":{"tab_title":"TOP RATES","tab_collection":"new-1","tab_limit":8}}},"block_order":["164506283760dcfde7-0","164506283760dcfde7-1","164506283760dcfde7-2"],"settings":{"margin_top":"","margin_bottom":"","title_heading":"Our Best Seller","color_title":"#222222"}},"164514774251d736d4":{"type":"section-blog-v1","settings":{"margin_top":"","margin_bottom":"","bg_section":"#ffffff","section_title":"Our Blogs","color_title":"#222222","select_blog":"news","blogs_limit":3,"enable_category":true,"enable_date":true,"enable_title":true,"enable_excerpt":true,"ena_btn_readmore":true,"text_btn":"READ MORE"}},"16451477562cf8be7b":{"type":"section-newsletter-v1","settings":{"select_style":"style_1","select_width":"full","style_bg":"image","bg_color":"#f2f2f2","bg_newsletters":"shopify:\/\/shop_images\/ba13.jpg","bg_color_newletter":"","bg_color_inputnewletter":"","border_color_newletter":"#ffffff","url_banner":"shopify:\/\/collections\/all","title_newletter":"GET UPDATE","color_title":"#ffffff","content_newletter":"Subscribe our newsletter and get<br>discount 30% off","color_content":"#ffffff","margin_top":"","margin_bottom":""}}},"order":["1644831132ab1a6480","164483391646988a0a","16448316215dd22fbb","16450657663297b866","164483240966648896","1645062837db919833","164514774251d736d4","16451477562cf8be7b"]}