{"sections":{"blog_template":{"type":"blog-template","settings":{"bg_breadcrumb":"shopify:\/\/shop_images\/ba32.jpg","blog_layout":"blog_layo_left","blog_template":"blog_grid","posts_limit":6,"show_author":true,"show_comment":true,"show_datetime":true,"show_cate":true,"show_summary":true,"show_btn":true,"enable_widget_search":true,"widget_search_title":"Search","shop_by_search_placeholder":"Search...","enable_widget_cate":true,"widget_cate_title":"Categories","widget_cate_menu":"","enable_widget_related":true,"widget_related_title":"RECENT POSTS","select_blog":"news","blogs_limit":5,"enable_widget_tag":true,"shop_by_tag_title":"Tags","banner_blog_url":"https:\/\/www.shopify.com\/free-trial?ref=shopifycenter","banner_blog_sidebar":"shopify:\/\/shop_images\/shopify-banner-sidebar.jpg"}}},"order":["blog_template"]}