{"sections":{"1644896743b2127005":{"type":"section-slideshow-v1","blocks":{"164489674260a1d195-0":{"type":"slideshow","settings":{"select_position_content":"left","select_textalign_content":"left","block_title_top1":"Style Destination","color_block_title_top1":"#ffffff","effect_title1":"bounce","block_title_top":"Duo Floor Lamp","color_block_title_top":"#ffffff","effect_title":"bounce","block_title_top2":"It is a long fact that a reader will be distracted by the<br> readable content of a page when looking","color_block_title_top2":"#ffffff","effect_title2":"bounce","block_buton":"SHOP NOW","color_block_button":"#ffffff","color_border_button":"#ffffff","bg_button":"","color_hover_button":"#ffffff","color_hover_text":"#000000","block_url":"shopify:\/\/collections\/all","effect_title3":"bounce","ena_slide_video":false,"url_ytb_video":"","block_banerimage":"shopify:\/\/shop_images\/ba26.jpg"}},"164489674260a1d195-1":{"type":"slideshow","settings":{"select_position_content":"left","select_textalign_content":"left","block_title_top1":"Style Destination","color_block_title_top1":"#ffffff","effect_title1":"bounce","block_title_top":"Galio VII stool","color_block_title_top":"#ffffff","effect_title":"bounce","block_title_top2":"It is a long fact that a reader will be distracted by the<br> readable content of a page when looking","color_block_title_top2":"#ffffff","effect_title2":"bounce","block_buton":"SHOP NOW","color_block_button":"#ffffff","color_border_button":"#ffffff","bg_button":"","color_hover_button":"#ffffff","color_hover_text":"#000000","block_url":"shopify:\/\/collections\/all","effect_title3":"bounce","ena_slide_video":false,"url_ytb_video":"","block_banerimage":"shopify:\/\/shop_images\/ba28.jpg"}}},"block_order":["164489674260a1d195-0","164489674260a1d195-1"],"settings":{"margin_top":"","margin_bottom":""}},"16448988586ff66ae4":{"type":"section-banner-v4","settings":{"img_banner1":"shopify:\/\/shop_images\/ba22.jpg","title_heading":"Trisate Store","color_title_heading":"#ffffff","title_banner":"office chair","color_title":"#ffffff","sub_title_banner":"Timeless and evolving","color_sub_title":"#ffffff","button_banner":"SHOP NOW","img_banner2":"shopify:\/\/shop_images\/ba24.jpg","title_heading2":"Trisate Store","color_title_heading2":"#ffffff","title_banner2":"Sofa","color_title2":"#ffffff","sub_title_banner2":"Timeless and evolving","color_sub_title2":"#ffffff","button_banner2":"Shop now","img_banner3":"shopify:\/\/shop_images\/ba25.jpg","title_heading3":"Trisate Store","color_title_heading3":"#ffffff","title_banner3":"armchair","color_title3":"#ffffff","sub_title_banner3":"Timeless and evolving","color_sub_title3":"#ffffff","button_banner3":"Shop now","img_banner4":"shopify:\/\/shop_images\/ba23.jpg","title_heading4":"Trisate Store","color_title_heading4":"#ffffff","title_banner4":"Cabinet","color_title4":"#ffffff","sub_title_banner4":"Timeless and evolving","color_sub_title4":"#ffffff","button_banner4":"Shop now","color_btn":"#000000","bg_btn":"#ffffff","color_btn_hover":"#ffffff","url_banner":"shopify:\/\/collections\/all"}},"16450657663297b866":{"type":"section-product-v1","settings":{"title_heading":"Hot Deal","color_title":"#222222","sub-title1":"Don't Miss Today's Featured Deals","select_collection":"new","products_limit":4,"margin_top":"","margin_bottom":""}},"16448994558b651022":{"type":"section-collection-v3","blocks":{"1644899455293c7eed-0":{"type":"colection","settings":{"brand_img":"shopify:\/\/shop_images\/ba18.jpg","title_collection":"Shelf","brand_url":"shopify:\/\/collections\/all","block_content":""}},"1644899455293c7eed-1":{"type":"colection","settings":{"brand_img":"shopify:\/\/shop_images\/ba17.jpg","title_collection":"Table","brand_url":"shopify:\/\/collections\/all","block_content":""}},"1644899455293c7eed-2":{"type":"colection","settings":{"brand_img":"shopify:\/\/shop_images\/ba16.jpg","title_collection":"Sofa","brand_url":"shopify:\/\/collections\/all","block_content":""}},"6c6816af-66fb-4b3e-8411-f35627275d5c":{"type":"colection","settings":{"brand_img":"shopify:\/\/shop_images\/ba19.jpg","title_collection":"Chair","brand_url":"shopify:\/\/collections\/all","block_content":""}}},"block_order":["1644899455293c7eed-0","1644899455293c7eed-1","1644899455293c7eed-2","6c6816af-66fb-4b3e-8411-f35627275d5c"],"settings":{"margin_top":"","margin_bottom":"","bg_section":"#f5f5f5"}},"164514803318fd8d46":{"type":"section-product-v3","settings":{"title_heading":"Best Seller","color_title":"#222","sub_title":"Best Seller Product This Week!","color_sub_title":"#666666","select_collection":"new","products_limit":8,"margin_top":"","margin_bottom":""}},"1644898741f64f07ec":{"type":"section-banner-v6","settings":{"img_banner":"shopify:\/\/shop_images\/ba20.jpg","title":"Stylish Chair","url_banner":"shopify:\/\/collections\/all","color_title":"#000000","color_hover_title":"#ffffff"}},"1644890174ca0e10d8":{"type":"section-newsletter-v1","settings":{"select_style":"style_1","select_width":"full","style_bg":"color","bg_color":"#cd8f5c","bg_newsletters":"shopify:\/\/shop_images\/ba13.jpg","bg_color_newletter":"","bg_color_inputnewletter":"","border_color_newletter":"#ffffff","url_banner":"shopify:\/\/collections\/all","title_newletter":"GET UPDATE","color_title":"#ffffff","content_newletter":"Subscribe our newsletter and get<br>discount 30% off","color_content":"#ffffff","margin_top":"","margin_bottom":""}}},"order":["1644896743b2127005","16448988586ff66ae4","16450657663297b866","16448994558b651022","164514803318fd8d46","1644898741f64f07ec","1644890174ca0e10d8"]}