{"sections":{"faq_template_v1":{"type":"FAQ-template","blocks":{"e8072367-458a-4ee7-a02e-1666e69687ee":{"type":"faq_left","settings":{"block_title_question":"How long does it take for home delivery?","block_description_question":"We use Royal mail and DHL to send most of our UK orders.Euro Car Parts reserves the right to use discretion in any circumstance where it makes more sense to use an alternative delivery method."}},"560010c6-07e7-4506-bfa8-54d7e7134bfb":{"type":"faq_left","settings":{"block_title_question":"What courier do you use for deliveries?","block_description_question":"We use Royal mail and DHL to send most of our UK orders.Euro Car Parts reserves the right to use discretion in any circumstance where it makes more sense to use an alternative delivery method."}},"2b47292b-5af0-42b7-9263-dcca8375bf38":{"type":"faq_left","settings":{"block_title_question":"Why am I being charged for delivery on my order when it states standard delivery is free?","block_description_question":"All our delivery charges are pre-set by our courier company. We sell some oversized items which require a specialist courier company to fulfil the delivery, there is an additional charge for these. Also, our courier company consider some surcharge postcodes ‘Out of area’. There is an additional charge for these also. You can find a list of all [oversized items here] You can find a list of all"}},"0e4df55d-389a-417b-9eb9-e8e7677785b7":{"type":"faq_left","settings":{"block_title_question":"I haven’t received a dispatch email\/email confirmation?","block_description_question":"Please be aware an automated email is sent to you to the given email address when your order is dispatched. Please check all folders including you junk as it will come from a noreply email address. To ensure emails reach you, add the domain eurocarparts.com to your safe senders list."}},"44022e40-d642-4f3c-9a9c-e04c0c655217":{"type":"faq_left","settings":{"block_title_question":"Why does it not tell us on the website that the parts will be delivered by the branch?","block_description_question":"Due to the delicacy of some parts we take extra care in the delivery of the item. These could include body panels and large bulky items. These are either available for collection from our branches or will be delivered to you through our branch network vehicles."}},"eafce582-832f-4fd2-b54a-aef0eb5c84c0":{"type":"faq_left","settings":{"block_title_question":"Can I collect from a local store?","block_description_question":"We offer a reserve and collect service. This is available on the checkout page. Please be aware, if the product is not available in a local store, you are unable to reserve it."}},"63b735b9-e7bb-412f-92e5-f095b15d1129":{"type":"faq_left","settings":{"block_title_question":"Do you deliver on Weekend?","block_description_question":"No, our courier company do not offer the service to deliver on weekends currently."}},"af80f4fb-e2b9-4e48-98b9-610b4e2516ce":{"type":"faq_left","settings":{"block_title_question":"Can you confirm you have received my return?","block_description_question":"We aim to process returns within 5-7 working days of receiving them. You will be notified by email once the return is complete.We suggest you make a note of the shipping reference given when you sent the item back. This will allow you to track your parcel at every stage of delivery, including when we receive it.Should you have any queries about your return, please feel free to contact our Customer Service team via email"}},"9dadb2d2-1d7d-4c4f-bd7e-8936c019edc1":{"type":"faq_left","settings":{"block_title_question":"How long will it be before I get a refund?","block_description_question":"Once we receive your item(s) back, our returns department will inspect and restock the goods. Once our returns department have done this, an automated refund is generated on our system. Your outstanding refund is then processed by our accounts department back to your original payment method. This process typically takes 5-7 working days. When returning your products please remember to include your original invoice, without this it may delay your refund."}},"2dc152aa-8924-4d86-aced-e238bc607aff":{"type":"faq_left","settings":{"block_title_question":"Who pays for return postage?","block_description_question":"If you are returning an unsuitable item for a refund we will refund the cost of the item only and not the original delivery cost.Should you be returning a faulty item for a refund we will refund both the original shipping costs and the return delivery costs."}},"de46ba1f-efea-4af7-9391-62b7d063a532":{"type":"faq_left","settings":{"block_title_question":"Why have you not refunded the original delivery charge?","block_description_question":"If you are returning an unsuitable item for a refund we will refund the cost of the item only and not the original delivery cost. Should you be returning a faulty item for a refund we will refund both the original shipping costs and the return delivery costs."}},"3efd28b5-2538-439b-9584-d740fda44926":{"type":"faq_left","settings":{"block_title_question":"Do you offer a VAT discount to non EU customers?","block_description_question":"Customer’s ordering from outside the European Union can contact us via telephone, live chat, or e-mail and quote the order reference number. Our customer services team will go through the process to remove the VAT off of their order."}}},"block_order":["e8072367-458a-4ee7-a02e-1666e69687ee","560010c6-07e7-4506-bfa8-54d7e7134bfb","2b47292b-5af0-42b7-9263-dcca8375bf38","0e4df55d-389a-417b-9eb9-e8e7677785b7","44022e40-d642-4f3c-9a9c-e04c0c655217","eafce582-832f-4fd2-b54a-aef0eb5c84c0","63b735b9-e7bb-412f-92e5-f095b15d1129","af80f4fb-e2b9-4e48-98b9-610b4e2516ce","9dadb2d2-1d7d-4c4f-bd7e-8936c019edc1","2dc152aa-8924-4d86-aced-e238bc607aff","de46ba1f-efea-4af7-9391-62b7d063a532","3efd28b5-2538-439b-9584-d740fda44926"],"settings":{"enable_slide":true,"bg_breadcrumb":"shopify:\/\/shop_images\/ba32.jpg","enable_asked":true,"title_asked":"#Frequently asked questions","description_asked":"I am text block. Click edit button to change this text. Lorem ipsum dolor sit amet,consectetur adipiscing elit. Ut elit tellus, luctus nec ullamcorper mattis, pulvinar dapibus leo.","enable_newsletter":true,"section_title":"Never miss our updates about new arrivals and special offers","section_description":"Get the latest news & updates","newsletter_placeholder_input":"EMAIL ADDRESS","iconmail":"ti-email","button_name":"SUBCRIBE NOW"}}},"order":["faq_template_v1"]}