{"sections":{"16448113033d752e2e":{"type":"section-slideshow-v1","blocks":{"16448113038faaf088-0":{"type":"slideshow","settings":{"select_position_content":"right","select_textalign_content":"left","block_title_top1":"Style Destination","color_block_title_top1":"#111111","effect_title1":"bounce","block_title_top":"Duo Floor Lamp","color_block_title_top":"#010101","effect_title":"bounce","block_title_top2":"It is a long fact that a reader will be distracted by the<br> readable content of a page when looking","color_block_title_top2":"#000000","effect_title2":"bounce","block_buton":"SHOP NOW","color_block_button":"#000000","color_border_button":"#000000","bg_button":"rgba(0,0,0,0)","color_hover_button":"#000000","color_hover_text":"#ffffff","block_url":"shopify:\/\/collections\/all","effect_title3":"bounce","ena_slide_video":false,"url_ytb_video":"","block_banerimage":"shopify:\/\/shop_images\/ba5.jpg"}},"16448113038faaf088-1":{"type":"slideshow","settings":{"select_position_content":"left","select_textalign_content":"left","block_title_top1":"Style Destination","color_block_title_top1":"#000000","effect_title1":"bounce","block_title_top":"Galio VII stool","color_block_title_top":"#010101","effect_title":"bounce","block_title_top2":"It is a long fact that a reader will be distracted by the<br> readable content of a page when looking","color_block_title_top2":"#000000","effect_title2":"bounce","block_buton":"SHOP NOW","color_block_button":"#000000","color_border_button":"#000000","bg_button":"","color_hover_button":"#000000","color_hover_text":"#ffffff","block_url":"shopify:\/\/collections\/all","effect_title3":"bounce","ena_slide_video":false,"url_ytb_video":"","block_banerimage":"shopify:\/\/shop_images\/ba6.jpg"}}},"block_order":["16448113038faaf088-0","16448113038faaf088-1"],"settings":{"margin_top":"","margin_bottom":""}},"1644811423e35892fa":{"type":"section-banner-v10","settings":{"img_banner1":"shopify:\/\/shop_images\/ba1.jpg","url_banner":"shopify:\/\/collections\/all","title_banner":"Duo Floor","button_banner":"View all products","img_banner2":"shopify:\/\/shop_images\/ba2.jpg","button_banner2":"Sidebroad Collections","img_banner3":"shopify:\/\/shop_images\/ba3.jpg"}},"16451475859f8be0fd":{"type":"section-product-v3","settings":{"title_heading":"Best Seller","color_title":"#222","sub_title":"Best Seller Product This Week!","color_sub_title":"#666666","select_collection":"frontpage","products_limit":8,"margin_top":"","margin_bottom":""}},"164482435908e53f18":{"type":"section-banner-v2","settings":{"select_pos":"left","ena_container":true,"img_banner1":"shopify:\/\/shop_images\/ba4.jpg","title_banner":"House in Nogueiro","color_title":"#000000","sub_title":"When you’ve got your health, you got everything.","color_sub_title":"#000000","button_1":"SHOP NOW","color_btn":"#ffffff","bg_btn":"#000000","color_btn_hover":"#ffffff","bg_btn_hover":"#000000","url_button1":"shopify:\/\/collections\/all","margin_top":"","margin_bottom":""}},"1645147600ed8abb74":{"type":"section-blog-v1","settings":{"margin_top":"","margin_bottom":"","bg_section":"#ffffff","section_title":"Our Blogs","color_title":"#222","select_blog":"news","blogs_limit":3,"enable_category":true,"enable_date":true,"enable_title":true,"enable_excerpt":true,"ena_btn_readmore":true,"text_btn":"READ MORE"}},"1645147614c901f23a":{"type":"section-instagram-v3","settings":{"title_content":"#Instagram","link_insta":"#trisate","ins_userid":"","ins_access_token":"3672948962.0f64772.430edb7f711e4665b59777c54d1ed9ce","ins_limit_number":"6","item_icon":"fa fa-instagram","margin_top":"","margin_bottom":""}}},"order":["16448113033d752e2e","1644811423e35892fa","16451475859f8be0fd","164482435908e53f18","1645147600ed8abb74","1645147614c901f23a"]}