{"sections":{"164506194661ff5a60":{"type":"section-slideshow-v1","blocks":{"1645061945c781bb23-0":{"type":"slideshow","settings":{"select_position_content":"left","select_textalign_content":"left","block_title_top1":"Style Destination","color_block_title_top1":"#000000","effect_title1":"bounce","block_title_top":"Leather Sofas","color_block_title_top":"#010101","effect_title":"bounce","block_title_top2":"It is a long fact that a reader will be distracted by the<br> readable content of a page when looking","color_block_title_top2":"#000000","effect_title2":"bounce","block_buton":"SHOP NOW","color_block_button":"#000000","color_border_button":"#000000","bg_button":"","color_hover_button":"#000000","color_hover_text":"#ffffff","block_url":"shopify:\/\/collections\/all","effect_title3":"bounce","ena_slide_video":false,"url_ytb_video":"","block_banerimage":"shopify:\/\/shop_images\/ba40.jpg"}},"1645061945c781bb23-1":{"type":"slideshow","settings":{"select_position_content":"right","select_textalign_content":"left","block_title_top1":"Style Destination","color_block_title_top1":"#000000","effect_title1":"bounce","block_title_top":"Bedside Tables","color_block_title_top":"#010101","effect_title":"bounce","block_title_top2":"It is a long fact that a reader will be distracted by the<br> readable content of a page when looking","color_block_title_top2":"#000000","effect_title2":"bounce","block_buton":"SHOP NOW","color_block_button":"#000000","color_border_button":"#000000","bg_button":"","color_hover_button":"#000000","color_hover_text":"#ffffff","block_url":"shopify:\/\/collections\/all","effect_title3":"bounce","ena_slide_video":false,"url_ytb_video":"","block_banerimage":"shopify:\/\/shop_images\/ba41.jpg"}}},"block_order":["1645061945c781bb23-0","1645061945c781bb23-1"],"settings":{"margin_top":"","margin_bottom":""}},"164506252108daa0c5":{"type":"section-banner-v3","settings":{"margin_top":"","margin_bottom":"","bg_banner_content":"#cd8f5c","title_show1":"chair","title_banner1":"chair","sub_bottom1":"We conduct the marketing of products & services using latest technologies.We successfully implemented numerous projects for both global & local clients","button_banner1":"SHOP NOW","url_button_banner1":"shopify:\/\/collections\/all","banner_img1":"shopify:\/\/shop_images\/ba35.jpg","title_show2":"Table","title_banner2":"Bedside Table","sub_bottom2":"We conduct the marketing of products & services using latest technologies.We successfully implemented numerous projects for both global & local clients","button_banner2":"SHOP NOW","url_button_banner2":"shopify:\/\/collections\/all","banner_img2":"shopify:\/\/shop_images\/ba36.jpg","title_show3":"Sofas","title_banner3":"Sofas","sub_bottom3":"We conduct the marketing of products & services using latest technologies.We successfully implemented numerous projects for both global & local clients","button_banner3":"SHOP NOW","url_button_banner3":"shopify:\/\/collections\/all","banner_img3":"shopify:\/\/shop_images\/ba37.jpg","color_title_show":"#ffffff","color_title_banner":"#ffffff","color_sub_bottom":"#ffffff","color_bottom":"#ffffff","color_border_hover":"#ffffff"}},"1645062837db919833":{"type":"section-product-v2","blocks":{"164506283760dcfde7-0":{"type":"tab","settings":{"tab_title":"NEW ARRIVALS","tab_collection":"frontpage","tab_limit":8}},"164506283760dcfde7-1":{"type":"tab","settings":{"tab_title":"BEST SELLERS","tab_collection":"new","tab_limit":8}},"164506283760dcfde7-2":{"type":"tab","settings":{"tab_title":"TOP RATES","tab_collection":"new-1","tab_limit":8}}},"block_order":["164506283760dcfde7-0","164506283760dcfde7-1","164506283760dcfde7-2"],"settings":{"margin_top":"","margin_bottom":"","title_heading":"Our Best Seller","color_title":"#222222"}},"1645065344bfc587e8":{"type":"section-banner-v2","settings":{"select_pos":"center","ena_container":false,"img_banner1":"shopify:\/\/shop_images\/ba42.jpg","title_banner":"LIVE YOUR HAPPY LIFE!","color_title":"#ffffff","sub_title":"When you’ve got your health, you got everything.","color_sub_title":"#ffffff","button_1":"SHOP NOW","color_btn":"#000000","bg_btn":"#ffffff","color_btn_hover":"#ffffff","bg_btn_hover":"#cd8f5c","url_button1":"shopify:\/\/collections\/all","margin_top":"","margin_bottom":""}},"164506390381981242":{"type":"section-product-v7","settings":{"margin_top":"","margin_bottom":"","title_banner1":"Featured Products","select_collection":"new","products_limit":3,"title_banner2":"Onsale Products","select_collection2":"new-1","products_limit2":3,"color_title_banner":"#000000","backgroud_image":"shopify:\/\/shop_images\/ba38.jpg","url_product":"shopify:\/\/collections\/all","title_banner":"decorate your home","color_title_product":"#222222","sub_title_banner":"Eye-catching luxury interior","color_sub_title_banner":"#000000","button_1":"SHOP NOW","url_button1":"shopify:\/\/collections\/all","color_btn":"#000000","color_btn_hover":"#cd8f5c"}},"16450657663297b866":{"type":"section-product-v1","settings":{"title_heading":"Hot Deal","color_title":"#222222","sub-title1":"Don't Miss Today's Featured Deals","select_collection":"new","products_limit":4,"margin_top":"","margin_bottom":""}},"1644890174ca0e10d8":{"type":"section-newsletter-v1","settings":{"select_style":"style_1","select_width":"full","style_bg":"image","bg_color":"#cd8f5c","bg_newsletters":"shopify:\/\/shop_images\/ba13.jpg","bg_color_newletter":"","bg_color_inputnewletter":"","border_color_newletter":"#ffffff","url_banner":"shopify:\/\/collections\/all","title_newletter":"GET UPDATE","color_title":"#ffffff","content_newletter":"Subscribe our newsletter and get<br>discount 30% off","color_content":"#ffffff","margin_top":"","margin_bottom":""}}},"order":["164506194661ff5a60","164506252108daa0c5","1645062837db919833","1645065344bfc587e8","164506390381981242","16450657663297b866","1644890174ca0e10d8"]}